{
    "name": "spirit_sprites",
    "nodes": [
        {
            "name": "paws.png",
            "type": "SPRITE",
            "node_path": "paws.png",
            "resource_path": "sprites/paws.png",
            "pivot_offset": [0,0],
            "offset": [-236.5,256],
            "position": [147,95],
            "rotation": 0,
            "scale": [1,1],
            "opacity": 1,
            "z": 0,
            "tiles_x": 3,
            "tiles_y": 2,
            "frame_index": 0,
            "children": []
        },
        {
            "name": "mustache.png",
            "type": "SPRITE",
            "node_path": "mustache.png",
            "resource_path": "sprites/mustache.png",
            "pivot_offset": [0,0],
            "offset": [-236.5,256],
            "position": [28,99],
            "rotation": 0,
            "scale": [1,1],
            "opacity": 1,
            "z": -1,
            "tiles_x": 3,
            "tiles_y": 2,
            "frame_index": 0,
            "children": []
        },
        {
            "name": "hats.png",
            "type": "SPRITE",
            "node_path": "hats.png",
            "resource_path": "sprites/hats.png",
            "pivot_offset": [0,0],
            "offset": [-236.5,256],
            "position": [96,19],
            "rotation": 0,
            "scale": [1,1],
            "opacity": 1,
            "z": -2,
            "tiles_x": 3,
            "tiles_y": 2,
            "frame_index": 0,
            "children": []
        },
        {
            "name": "ears.png",
            "type": "SPRITE",
            "node_path": "ears.png",
            "resource_path": "sprites/ears.png",
            "pivot_offset": [0,0],
            "offset": [-236.5,256],
            "position": [41,89],
            "rotation": 0,
            "scale": [1,1],
            "opacity": 1,
            "z": -3,
            "tiles_x": 2,
            "tiles_y": 2,
            "frame_index": 0,
            "children": []
        },
        {
            "name": "horns.png",
            "type": "SPRITE",
            "node_path": "horns.png",
            "resource_path": "sprites/horns.png",
            "pivot_offset": [0,0],
            "offset": [-236.5,256],
            "position": [17,36],
            "rotation": 0,
            "scale": [1,1],
            "opacity": 1,
            "z": -4,
            "tiles_x": 2,
            "tiles_y": 2,
            "frame_index": 0,
            "children": []
        },
        {
            "name": "emotions.png",
            "type": "SPRITE",
            "node_path": "emotions.png",
            "resource_path": "sprites/emotions.png",
            "pivot_offset": [0,0],
            "offset": [-236.5,256],
            "position": [157,181],
            "rotation": 0,
            "scale": [1,1],
            "opacity": 1,
            "z": -5,
            "tiles_x": 3,
            "tiles_y": 2,
            "frame_index": 0,
            "children": []
        },
        {
            "name": "brows.png",
            "type": "SPRITE",
            "node_path": "brows.png",
            "resource_path": "sprites/brows.png",
            "pivot_offset": [0,0],
            "offset": [-236.5,256],
            "position": [151,201],
            "rotation": 0,
            "scale": [1,1],
            "opacity": 1,
            "z": -6,
            "tiles_x": 3,
            "tiles_y": 2,
            "frame_index": 0,
            "children": []
        },
        {
            "name": "mouth.png",
            "type": "SPRITE",
            "node_path": "mouth.png",
            "resource_path": "sprites/mouth.png",
            "pivot_offset": [0,0],
            "offset": [-236.5,256],
            "position": [206,266],
            "rotation": 0,
            "scale": [1,1],
            "opacity": 1,
            "z": -7,
            "tiles_x": 4,
            "tiles_y": 3,
            "frame_index": 0,
            "children": []
        },
        {
            "name": "glasses.png",
            "type": "SPRITE",
            "node_path": "glasses.png",
            "resource_path": "sprites/glasses.png",
            "pivot_offset": [0,0],
            "offset": [-236.5,256],
            "position": [146,211],
            "rotation": 0,
            "scale": [1,1],
            "opacity": 1,
            "z": -8,
            "tiles_x": 2,
            "tiles_y": 2,
            "frame_index": 0,
            "children": []
        },
        {
            "name": "eyes.png",
            "type": "SPRITE",
            "node_path": "eyes.png",
            "resource_path": "sprites/eyes.png",
            "pivot_offset": [0,0],
            "offset": [-236.5,256],
            "position": [166,225],
            "rotation": 0,
            "scale": [1,1],
            "opacity": 1,
            "z": -9,
            "tiles_x": 3,
            "tiles_y": 3,
            "frame_index": 0,
            "children": []
        },
        {
            "name": "base.png",
            "type": "SPRITE",
            "node_path": "base.png",
            "resource_path": "sprites/base.png",
            "pivot_offset": [0,0],
            "offset": [-236.5,256],
            "position": [104,152],
            "rotation": 0,
            "scale": [1,1],
            "opacity": 1,
            "z": -10,
            "tiles_x": 1,
            "tiles_y": 1,
            "frame_index": 0,
            "children": []
        }
    ]
}
